2D_Simu_1,1
2D_Simu_2,2
2D_Simu_3,3
2D_Simu_4,4
2D_Simu_5,5
2D_Simu_6,6
2D_Simu_7,1
2D_Simu_8,2
2D_Simu_9,3
2D_Simu_10,4
2D_Simu_11,5
2D_Simu_12,6
2D_Simu_13,1
2D_Simu_14,2
2D_Simu_15,3
2D_Simu_16,4
2D_Simu_17,5
2D_Simu_18,6
2D_Simu_19,1
2D_Simu_20,2
2D_Simu_21,3
2D_Simu_22,4
2D_Simu_23,5
2D_Simu_24,6
2D_Simu_25,1
2D_Simu_26,2
2D_Simu_27,3
2D_Simu_28,4
2D_Simu_29,5
2D_Simu_30,6
2D_Simu_31,1
2D_Simu_32,2
2D_Simu_33,3
2D_Simu_34,4
2D_Simu_35,5
2D_Simu_36,6
2D_Simu_37,1
2D_Simu_38,2
2D_Simu_39,3
2D_Simu_40,4
2D_Simu_41,5
2D_Simu_42,6
2D_Simu_43,1
2D_Simu_44,2
2D_Simu_45,3
2D_Simu_46,4
2D_Simu_47,5
2D_Simu_48,6
2D_Simu_49,1
2D_Simu_50,2
2D_Simu_51,3
2D_Simu_52,4
2D_Simu_53,5
2D_Simu_54,6
2D_Simu_55,1
2D_Simu_56,2
2D_Simu_57,3
2D_Simu_58,4
2D_Simu_59,5
2D_Simu_60,6
2D_Simu_61,1
2D_Simu_62,2
2D_Simu_63,3
2D_Simu_64,4
2D_Simu_65,5
2D_Simu_66,6
2D_Simu_67,1
2D_Simu_68,2
2D_Simu_69,3
2D_Simu_70,4
2D_Simu_71,5
2D_Simu_72,6
2D_Simu_73,1
2D_Simu_74,2
2D_Simu_75,3
2D_Simu_76,4
2D_Simu_77,5
2D_Simu_78,6
2D_Simu_79,1
2D_Simu_80,2
2D_Simu_81,3
2D_Simu_82,4
2D_Simu_83,5
2D_Simu_84,6
2D_Simu_85,1
2D_Simu_86,2
2D_Simu_87,3
2D_Simu_88,4
2D_Simu_89,5
2D_Simu_90,6
2D_Simu_91,1
2D_Simu_92,2
2D_Simu_93,3
2D_Simu_94,4
2D_Simu_95,5
2D_Simu_96,6
2D_Simu_97,1
2D_Simu_98,2
2D_Simu_99,3
2D_Simu_100,4
